"Your ZIP-code must be in the range 902xx-xxxx to 905-xx-xxxx","Your ZIP-code must be in the range 902xx-xxxx to 905-xx-xxxx","lib","lib/web"
"Please enter a valid time, between 00:00 and 23:59","Please enter a valid time, between 00:00 and 23:59","lib","lib/web"
"Please enter a valid time, between 00:00 am and 12:00 pm","Please enter a valid time, between 00:00 am and 12:00 pm","lib","lib/web"
"Please specify a valid phone number","Please specify a valid phone number","lib","lib/web"
"Please specify a valid mobile number","Please specify a valid mobile number","lib","lib/web"
"Please enter at least {0} characters","Please enter at least {0} characters","lib","lib/web"
"Please enter a valid credit card number.","Please enter a valid credit card number.","module","Magento_Payment"
"Please enter a valid IP v4 address.","Please enter a valid IP v4 address.","lib","lib/web"
"Please enter a valid IP v6 address.","Please enter a valid IP v6 address.","lib","lib/web"
"Invalid format.","Invalid format.","lib","lib/web"
"HTML tags are not allowed.","HTML tags are not allowed.","lib","lib/web"
"Please use only letters (a-z or A-Z), numbers (0-9) or underscore (_) in this field, and the first character should be a letter.","Please use only letters (a-z or A-Z), numbers (0-9) or underscore (_) in this field, and the first character should be a letter.","lib","lib/web"
"Please use only letters (a-z or A-Z), numbers (0-9), spaces and ""#"" in this field.","Please use only letters (a-z or A-Z), numbers (0-9), spaces and ""#"" in this field.","lib","lib/web"
"Please enter a valid phone number. For example (123) 456-7890 or 123-456-7890.","Please enter a valid phone number. For example (123) 456-7890 or 123-456-7890.","lib","lib/web"
"Please enter a valid fax number (Ex: 123-456-7890).","Please enter a valid fax number (Ex: 123-456-7890).","lib","lib/web"
"Please enter a valid email address (Ex: johndoe@domain.com).","Please enter a valid email address (Ex: johndoe@domain.com).","lib","lib/web"
"Please enter 6 or more characters. Leading and trailing spaces will be ignored.","Please enter 6 or more characters. Leading and trailing spaces will be ignored.","lib","lib/web"
"Please enter 7 or more characters, using both numeric and alphabetic.","Please enter 7 or more characters, using both numeric and alphabetic.","lib","lib/web"
"Minimum length of this field must be equal or greater than %1 symbols. Leading and trailing spaces will be ignored.","Minimum length of this field must be equal or greater than %1 symbols. Leading and trailing spaces will be ignored.","module","Magento_Ui"
"Minimum of different classes of characters in password is %1. Classes of characters: Lower Case, Upper Case, Digits, Special Characters.","Minimum of different classes of characters in password is %1. Classes of characters: Lower Case, Upper Case, Digits, Special Characters.","module","Magento_Ui"
"Please enter a valid URL. Protocol is required (http://, https:// or ftp://).","Please enter a valid URL. Protocol is required (http://, https:// or ftp://).","lib","lib/web"
"Please enter a valid URL. For example http://www.example.com or www.example.com.","Please enter a valid URL. For example http://www.example.com or www.example.com.","lib","lib/web"
"Please enter a valid XML-identifier (Ex: something_1, block5, id-4).","Please enter a valid XML-identifier (Ex: something_1, block5, id-4).","lib","lib/web"
"Please enter a valid social security number (Ex: 123-45-6789).","Please enter a valid social security number (Ex: 123-45-6789).","lib","lib/web"
"Please enter a valid zip code (Ex: 90602 or 90602-1234).","Please enter a valid zip code (Ex: 90602 or 90602-1234).","lib","lib/web"
"Please use this date format: dd/mm/yyyy. For example 17/03/2006 for the 17th of March, 2006.","Please use this date format: dd/mm/yyyy. For example 17/03/2006 for the 17th of March, 2006.","lib","lib/web"
"Please enter a valid $ amount. For example $100.00.","Please enter a valid $ amount. For example $100.00.","lib","lib/web"
"Please enter a number 0 or greater in this field.","Please enter a number 0 or greater in this field.","lib","lib/web"
"Please enter a number greater than 0 in this field.","Please enter a number greater than 0 in this field.","lib","lib/web"
"Please input a valid CSS-length (Ex: 100px, 77pt, 20em, .5ex or 50%).","Please input a valid CSS-length (Ex: 100px, 77pt, 20em, .5ex or 50%).","lib","lib/web"
"Please enter a valid number in this field.","Please enter a valid number in this field.","lib","lib/web"
"The value is not within the specified range.","The value is not within the specified range.","lib","lib/web"
"Please use letters only (a-z or A-Z) in this field.","Please use letters only (a-z or A-Z) in this field.","lib","lib/web"
"Please use only letters (a-z), numbers (0-9) or underscore (_) in this field, and the first character should be a letter.","Please use only letters (a-z), numbers (0-9) or underscore (_) in this field, and the first character should be a letter.","lib","lib/web"
"Please use only letters (a-z or A-Z) or numbers (0-9) in this field. No spaces or other characters are allowed.","Please use only letters (a-z or A-Z) or numbers (0-9) in this field. No spaces or other characters are allowed.","lib","lib/web"
"Please enter a valid date.","Please enter a valid date.","lib","lib/web"
"Make sure the To Date is later than or the same as the From Date.","Make sure the To Date is later than or the same as the From Date.","lib","lib/web"
"Please make sure your passwords match.","Please make sure your passwords match.","lib","lib/web"
"Please enter a valid URL Key (Ex: ""example-page"", ""example-page.html"" or ""anotherlevel/example-page"").","Please enter a valid URL Key (Ex: ""example-page"", ""example-page.html"" or ""anotherlevel/example-page"").","lib","lib/web"
"Please enter a valid zip code.","Please enter a valid zip code.","lib","lib/web"
"Please select one of the options above.","Please select one of the options above.","module","Magento_Ui"
"Card type does not match credit card number.","Card type does not match credit card number.","module","Magento_Ui"
"Credit card number does not match credit card type.","Credit card number does not match credit card type.","module","Magento_Ui"
"Incorrect credit card expiration date.","Incorrect credit card expiration date.","module","Magento_Ui"
"Please enter a valid credit card verification number.","Please enter a valid credit card verification number.","lib","lib/web"
"Please enter issue number or start date for switch/solo card type.","Please enter issue number or start date for switch/solo card type.","module","Magento_Ui"
"Please enter less or equal than %1 symbols.","Please enter less or equal than %1 symbols.","module","Magento_Ui"
"Please enter more or equal than %1 symbols.","Please enter more or equal than %1 symbols.","module","Magento_Ui"
"Please enter positive number in this field.","Please enter positive number in this field.","lib","lib/web"
"Please enter a valid value, ex: 10,20,30","Please enter a valid value, ex: 10,20,30","lib","lib/web"
"Please enter a valid value from list","Please enter a valid value from list","module","Magento_Ui"
"Please enter valid SKU key.","Please enter valid SKU key.","module","Magento_Ui"
"Please enter a valid number.","Please enter a valid number.","module","Magento_Ui"
"This is required field","This is required field","lib","lib/web"
"Admin is a required field in the each row.","Admin is a required field in the each row.","module","Magento_Ui"
"Password cannot be the same as email address.","Password cannot be the same as email address.","lib","lib/web"
"Please fix this field.","Please fix this field.","module","Magento_Ui"
"Please enter a valid email address.","Please enter a valid email address.","lib","lib/web"
"Please enter the same value again.","Please enter the same value again.","module","Magento_Ui"
"Please enter no more than {0} characters.","Please enter no more than {0} characters.","module","Magento_Ui"
"Please enter at least {0} characters.","Please enter at least {0} characters.","module","Magento_Ui"
"Please enter a value between {0} and {1} characters long.","Please enter a value between {0} and {1} characters long.","module","Magento_Ui"
"Please enter a value between {0} and {1}.","Please enter a value between {0} and {1}.","module","Magento_Ui"
"Please enter a value greater than or equal to {0}.","Please enter a value greater than or equal to {0}.","lib","lib/web"
"%name,","%name,","module","Magento_GiftCardAccount"
"Email:","Email:","module","Magento_Customer"
"<a href=""tel:%store_phone"">%store_phone</a>","<a href=""tel:%store_phone"">%store_phone</a>","theme","frontend/Magento/luma"
"Update to your %store_name credit memo","Update to your %store_name credit memo","theme","frontend/Magento/luma"
"%customer_name,","%customer_name,","module","Magento_Sales"
"No","No","module","Magento_Ui"
"Please enter a valid credit card type number.","Please enter a valid credit card type number.","module","Magento_Payment"
"Incorrect credit card expiration month.","Incorrect credit card expiration month.","module","Magento_Payment"
"Incorrect credit card expiration year.","Incorrect credit card expiration year.","module","Magento_Payment"
"An error occurred on the server. Please try to place the order again.","An error occurred on the server. Please try to place the order again.","module","Magento_Quote"
"Error","Error","module","Magento_DownloadableImportExport"
"Worldpay","Worldpay","module","Magento_Worldpay"
"Cybersource","Cybersource","module","Magento_Cybersource"
"SKU","SKU","module","Magento_Bundle"
"ID","ID","module","Magento_Bundle"
"[GLOBAL]","[GLOBAL]","module","Magento_ScalableInventory"
"Varchar","Varchar","module","Magento_Catalog"
"Decimal","Decimal","module","Magento_Catalog"
"Visible","Visible","module","Magento_ConfigurableProduct"
"Comparable","Comparable","module","Magento_ConfigurableProduct"
"The value of Admin scope can't be empty.","The value of Admin scope can't be empty.","module","Magento_Catalog"
"frontend_label","frontend_label","module","Magento_Weee"
"12h AM/PM","12h AM/PM","module","Magento_Catalog"
"24h","24h","module","Magento_Catalog"
"%1 - %2","%1 - %2","module","Magento_CatalogSearch"
"px.","px.","module","Magento_Cms"
"Could not save Prices.","Could not save Prices.","module","Magento_Catalog"
"Could not delete Prices","Could not delete Prices","module","Magento_Catalog"
"Requested product doesn't exist. Row ID: SKU = %SKU, Store ID: %storeId, Price From: %priceFrom, Price To: %priceTo.","Requested product doesn't exist. Row ID: SKU = %SKU, Store ID: %storeId, Price From: %priceFrom, Price To: %priceTo.","module","Magento_Catalog"
"Requested store is not found. Row ID: SKU = %SKU, Store ID: %storeId, Price From: %priceFrom, Price To: %priceTo.","Requested store is not found. Row ID: SKU = %SKU, Store ID: %storeId, Price From: %priceFrom, Price To: %priceTo.","module","Magento_Catalog"
"Invalid attribute %label = %priceTo. Row ID: SKU = %SKU, Store ID: %storeId, Price From: %priceFrom, Price To: %priceTo.","Invalid attribute %label = %priceTo. Row ID: SKU = %SKU, Store ID: %storeId, Price From: %priceFrom, Price To: %priceTo.","module","Magento_Catalog"
"Invalid attribute Price = %price. Row ID: SKU = %SKU, Store ID: %storeId, Price From: %priceFrom, Price To: %priceTo.","Invalid attribute Price = %price. Row ID: SKU = %SKU, Store ID: %storeId, Price From: %priceFrom, Price To: %priceTo.","module","Magento_Catalog"
"Could not save Tier Prices","Could not save Tier Prices","module","Magento_Catalog"
"Could not replace Tier Prices","Could not replace Tier Prices","module","Magento_Catalog"
"Could not delete Tier Prices","Could not delete Tier Prices","module","Magento_Catalog"
"Invalid attribute SKU = %SKU. Row ID: SKU = %SKU, Website ID: %websiteId, Customer Group: %customerGroup, Quantity: %qty.","Invalid attribute SKU = %SKU. Row ID: SKU = %SKU, Website ID: %websiteId, Customer Group: %customerGroup, Quantity: %qty.","module","Magento_Catalog"
"Invalid attribute Price = %price. Row ID: SKU = %SKU, Website ID: %websiteId, Customer Group: %customerGroup, Quantity: %qty.","Invalid attribute Price = %price. Row ID: SKU = %SKU, Website ID: %websiteId, Customer Group: %customerGroup, Quantity: %qty.","module","Magento_Catalog"
"Invalid attribute Price Type = %priceType. Row ID: SKU = %SKU, Website ID: %websiteId, Customer Group: %customerGroup, Quantity: %qty.","Invalid attribute Price Type = %priceType. Row ID: SKU = %SKU, Website ID: %websiteId, Customer Group: %customerGroup, Quantity: %qty.","module","Magento_Catalog"
"Invalid attribute Quantity = %qty. Row ID: SKU = %SKU, Website ID: %websiteId, Customer Group: %customerGroup, Quantity: %qty.","Invalid attribute Quantity = %qty. Row ID: SKU = %SKU, Website ID: %websiteId, Customer Group: %customerGroup, Quantity: %qty.","module","Magento_Catalog"
"Invalid attribute Website ID = %websiteId. Row ID: SKU = %SKU, Website ID: %websiteId, Customer Group: %customerGroup, Quantity: %qty.","Invalid attribute Website ID = %websiteId. Row ID: SKU = %SKU, Website ID: %websiteId, Customer Group: %customerGroup, Quantity: %qty.","module","Magento_Catalog"
"We found a duplicate website, tier price, customer group and quantity: Customer Group = %customerGroup, Website ID = %websiteId, Quantity = %qty. Row ID: SKU = %SKU, Website ID: %websiteId, Customer Group: %customerGroup, Quantity: %qty.","We found a duplicate website, tier price, customer group and quantity: Customer Group = %customerGroup, Website ID = %websiteId, Quantity = %qty. Row ID: SKU = %SKU, Website ID: %websiteId, Customer Group: %customerGroup, Quantity: %qty.","module","Magento_Catalog"
"No such entity with Customer Group = %customerGroup. Row ID: SKU = %SKU, Website ID: %websiteId, Customer Group: %customerGroup, Quantity: %qty.","No such entity with Customer Group = %customerGroup. Row ID: SKU = %SKU, Website ID: %websiteId, Customer Group: %customerGroup, Quantity: %qty.","module","Magento_Catalog"
"Database deadlock found when trying to get lock","Database deadlock found when trying to get lock","module","Magento_Catalog"
"Database lock wait timeout exceeded","Database lock wait timeout exceeded","module","Magento_Catalog"
"Processor %1 doesn't implement BaseSelectProcessorInterface","Processor %1 doesn't implement BaseSelectProcessorInterface","module","Magento_Catalog"
"fl","fl","module","Magento_Catalog"
"Lock wait timeout","Lock wait timeout","module","Magento_Catalog"
"123","123","module","Magento_Catalog"
"%1","%1","module","Magento_Email"
"An attribute group named ""/name/"" already exists.","An attribute group named ""/name/"" already exists.","module","Magento_Catalog"
"%1 <span>x</span> %2 <span>px.</span>","%1 <span>x</span> %2 <span>px.</span>","module","Magento_Catalog"
"Prev","Prev","module","Magento_Catalog"
"This value does not follow the specified format (for example, 200X300).","This value does not follow the specified format (for example, 200X300).","module","Magento_Catalog"
"does not implement Storage Interface","does not implement Storage Interface","module","Magento_Catalog"
"Recently Viewed/Compared Products","Recently Viewed/Compared Products","module","Magento_Catalog"
"Lifetime of products in Recently Viewed Widget","Lifetime of products in Recently Viewed Widget","module","Magento_Catalog"
"Lifetime of products in Recently Compared Widget","Lifetime of products in Recently Compared Widget","module","Magento_Catalog"
"Synchronize widget products with backend storage","Synchronize widget products with backend storage","module","Magento_Catalog"
"Product Info Column","Product Info Column","module","Magento_Catalog"
"Block after Info Column","Block after Info Column","module","Magento_Catalog"
"Recently Viewed Products","Recently Viewed Products","module","Magento_Catalog"
"List of Products Recently Viewed by Visitor","List of Products Recently Viewed by Visitor","module","Magento_Catalog"
"UI Component","UI Component","module","Magento_Catalog"
"Number of Products to display","Number of Products to display","module","Magento_Catalog"
"Product attributes to show","Product attributes to show","module","Magento_Catalog"
"Learn More Link","Learn More Link","module","Magento_Catalog"
"Buttons to show","Buttons to show","module","Magento_Catalog"
"Viewed Products Grid Template","Viewed Products Grid Template","module","Magento_Catalog"
"Viewed Products List Template","Viewed Products List Template","module","Magento_Catalog"
"Viewed Products Sidebar Template","Viewed Products Sidebar Template","module","Magento_Catalog"
"Recently Compared Products","Recently Compared Products","module","Magento_Catalog"
"List of Products Recently Compared by Visitor","List of Products Recently Compared by Visitor","module","Magento_Catalog"
"Compared Products Grid Template","Compared Products Grid Template","module","Magento_Catalog"
"Compared Products List Template","Compared Products List Template","module","Magento_Catalog"
"Set","Set","module","Magento_CustomerSegment"
"Layout Update XML","Layout Update XML","module","Magento_CmsStaging"
"AttributeSetText","AttributeSetText","module","Magento_CatalogStaging"
"StatusText","StatusText","module","Magento_CatalogStaging"
"Base","Base","module","Magento_Catalog"
"Recently Compared","Recently Compared","module","Magento_Catalog"
"Add To Cart","Add To Cart","module","Magento_Catalog"
"Add To Compare","Add To Compare","module","Magento_Catalog"
"Learn more","Learn more","module","Magento_Signifyd"
"Recently Viewed","Recently Viewed","module","Magento_Catalog"
"First-Class Package Service - Retail","First-Class Package Service - Retail","module","Magento_Usps"
"First-Class Mail Postcards","First-Class Mail Postcards","module","Magento_Usps"
"Retail Ground","Retail Ground","module","Magento_Usps"
"Library Mail","Library Mail","module","Magento_Usps"
"Priority Mail Medium Flat Rate Box","Priority Mail Medium Flat Rate Box","module","Magento_Usps"
"Priority Mail Large Flat Rate Box","Priority Mail Large Flat Rate Box","module","Magento_Usps"
"Priority Mail Express Sunday/Holiday Delivery","Priority Mail Express Sunday/Holiday Delivery","module","Magento_Usps"
"Priority Mail Small Flat Rate Box","Priority Mail Small Flat Rate Box","module","Magento_Usps"
"Priority Mail Regional Rate Box A","Priority Mail Regional Rate Box A","module","Magento_Usps"
"Priority Mail Regional Rate Box B","Priority Mail Regional Rate Box B","module","Magento_Usps"
"First-Class Package Service Hold For Pickup","First-Class Package Service Hold For Pickup","module","Magento_Usps"
"Priority Mail Express Sunday/Holiday Delivery Flat Rate Boxes","Priority Mail Express Sunday/Holiday Delivery Flat Rate Boxes","module","Magento_Usps"
"Priority Mail Regional Rate Box C","Priority Mail Regional Rate Box C","module","Magento_Usps"
"First-Class Package Service","First-Class Package Service","module","Magento_Usps"
"Priority Mail Express International","Priority Mail Express International","module","Magento_Usps"
"Priority Mail International","Priority Mail International","module","Magento_Usps"
"Global Express Guaranteed (GXG)","Global Express Guaranteed (GXG)","module","Magento_Usps"
"Global Express Guaranteed Document","Global Express Guaranteed Document","module","Magento_Usps"
"Global Express Guaranteed Non-Document Rectangular","Global Express Guaranteed Non-Document Rectangular","module","Magento_Usps"
"Global Express Guaranteed Non-Document Non-Rectangular","Global Express Guaranteed Non-Document Non-Rectangular","module","Magento_Usps"
"Priority Mail International Medium Flat Rate Box","Priority Mail International Medium Flat Rate Box","module","Magento_Usps"
"Priority Mail International Large Flat Rate Box","Priority Mail International Large Flat Rate Box","module","Magento_Usps"
"First-Class Mail International Letter","First-Class Mail International Letter","module","Magento_Usps"
"First-Class Package International Service","First-Class Package International Service","module","Magento_Usps"
"Priority Mail International Small Flat Rate Box","Priority Mail International Small Flat Rate Box","module","Magento_Usps"
"First-Class Mail International Postcard","First-Class Mail International Postcard","module","Magento_Usps"
"Priority Mail International DVD Flat Rate priced box","Priority Mail International DVD Flat Rate priced box","module","Magento_Usps"
"Variable","Variable","module","Magento_Variable"
"Small Flat-Rate Box","Small Flat-Rate Box","module","Magento_Usps"
"Medium Flat-Rate Box","Medium Flat-Rate Box","module","Magento_Usps"
"Large Flat-Rate Box","Large Flat-Rate Box","module","Magento_Usps"
"Small Flat-Rate Envelope","Small Flat-Rate Envelope","module","Magento_Usps"
"Window Flat-Rate Envelope","Window Flat-Rate Envelope","module","Magento_Usps"
"Gift Card Flat-Rate Envelope","Gift Card Flat-Rate Envelope","module","Magento_Usps"
"Legal Flat-Rate Envelope","Legal Flat-Rate Envelope","module","Magento_Usps"
"Padded Flat-Rate Envelope","Padded Flat-Rate Envelope","module","Magento_Usps"
"Rectangular","Rectangular","module","Magento_Usps"
"Regular","Regular","module","Magento_Dhl"
"track_summary","track_summary","module","Magento_Usps"
"USPS","USPS","module","Magento_Usps"
"Store credit","Store credit","module","Magento_CustomerBalance"
"Total","Total","module","Magento_Weee"
"Emails","Emails","module","Magento_GiftRegistry"
"Message","Message","module","Magento_Invitation"
"Save and Continue Edit","Save and Continue Edit","module","Magento_Cms"
"Type","Type","module","Magento_Rma"
"Fax","Fax","module","Magento_MultipleLocationInventory"
"Share","Share","module","Magento_GiftRegistry"
"General","General","module","Magento_Invitation"
"[deleted]","[deleted]","module","Magento_Sales"
"YTD","YTD","module","Magento_Backend"
"2YTD","2YTD","module","Magento_Backend"
"Sorry, you need permissions to view this content.","Sorry, you need permissions to view this content.","module","Magento_Backend"
"Next steps","Next steps","module","Magento_Backend"
"If you think this is an error, try signing out and signing in again.","If you think this is an error, try signing out and signing in again.","module","Magento_Backend"
"Contact a system administrator or store owner to gain permissions.","Contact a system administrator or store owner to gain permissions.","module","Magento_Backend"
"Return to","Return to","module","Magento_Backend"
"previous page","previous page","module","Magento_Backend"
"Magento","Magento","module","Magento_Backend"
"ver. %1","ver. %1","module","Magento_Backend"
"WK","WK","module","Magento_Theme"
"Report an Issue","Report an Issue","module","Magento_Backend"
"JavaScript/CSS","JavaScript/CSS","module","Magento_Backend"
"Marketing","Marketing","module","Magento_Reports"
"Magento Connect","Magento Connect","module","Magento_Backend"
"Connect Manager","Connect Manager","module","Magento_Backend"
"Web","Web","module","Magento_Backend"
"Source Data","Source Data","module","Magento_Logging"
"N/A","N/A","module","Magento_Invitation"
"Action Logs","Action Logs","module","Magento_Logging"
"1","1","module","Magento_Logging"
"Forgot Password","Forgot Password","module","Magento_Logging"
"Send","Send","module","Magento_Logging"
"CSV","CSV","module","Magento_MultipleWishlist"
"Excel XML","Excel XML","module","Magento_MultipleWishlist"
"Catalog rule indexing failed. See details in exception log.","Catalog rule indexing failed. See details in exception log.","module","Magento_CatalogRule"
"From","From","module","Magento_CatalogRule"
"Frame","Frame","module","Magento_VersionsCms"
"Menu Layout","Menu Layout","module","Magento_VersionsCms"
"Menu Detalization","Menu Detalization","module","Magento_VersionsCms"
"You copied the pages hierarchy to the selected scopes.","You copied the pages hierarchy to the selected scopes.","module","Magento_VersionsCms"
"Something went wrong while copying the hierarchy.","Something went wrong while copying the hierarchy.","module","Magento_VersionsCms"
"You deleted the pages hierarchy from the selected scopes.","You deleted the pages hierarchy from the selected scopes.","module","Magento_VersionsCms"
"Something went wrong while deleting the hierarchy.","Something went wrong while deleting the hierarchy.","module","Magento_VersionsCms"
"CMS","CMS","module","Magento_Cms"
"Something went wrong while saving the hierarchy.","Something went wrong while saving the hierarchy.","module","Magento_VersionsCms"
"Are you sure you want to delete current hierarchy?","Are you sure you want to delete current hierarchy?","module","Magento_VersionsCms"
"This page cannot be added, because a node or page with the same URL Key already exists in this tree part.","This page cannot be added, because a node or page with the same URL Key already exists in this tree part.","module","Magento_VersionsCms"
"Are you sure you want to copy the current hierarchy to the selected destinations?","Are you sure you want to copy the current hierarchy to the selected destinations?","module","Magento_VersionsCms"
"Are you sure you want to delete the selected hierarchies?","Are you sure you want to delete the selected hierarchies?","module","Magento_VersionsCms"
"Please select one or more hierarchies to delete.","Please select one or more hierarchies to delete.","module","Magento_VersionsCms"
"Please assign the current hierarchy to one or more destinations.","Please assign the current hierarchy to one or more destinations.","module","Magento_VersionsCms"
"If this value is empty, the node or page name will be used.","If this value is empty, the node or page name will be used.","module","Magento_VersionsCms"
"Website Root","Website Root","module","Magento_VersionsCms"
"Google AdWords","Google AdWords","module","Magento_GoogleAdwords"
"Visual Merchandiser","Visual Merchandiser","module","Magento_VisualMerchandiser"
"Stock","Stock","module","Magento_CatalogInventory"
"%1 = %2","%1 = %2","module","Magento_Reward"
"Each earned reward points award expires in %1 days.","Each earned reward points award expires in %1 days.","module","Magento_Reward"
"Refer to reward points history to see when a specific record expires.","Refer to reward points history to see when a specific record expires.","module","Magento_Reward"
"Reward Points Balance Updated at %store_name","Reward Points Balance Updated at %store_name","module","Magento_Reward"
"You have %points_balance points that may be used in our store:","You have %points_balance points that may be used in our store:","module","Magento_Reward"
"<a href=""%unsubscription_url"">Unsubscribe</a> from these notifications.","<a href=""%unsubscription_url"">Unsubscribe</a> from these notifications.","module","Magento_Reward"
"Reward Points Expiry Warning at %store_name","Reward Points Expiry Warning at %store_name","module","Magento_Reward"
"There are %remaining_days day(s) remaining to use %points_expiring of your reward points.","There are %remaining_days day(s) remaining to use %points_expiring of your reward points.","module","Magento_Reward"
"After %remaining_days day(s) these points will expire.","After %remaining_days day(s) these points will expire.","module","Magento_Reward"
"You have a total of %points_balance points that may be used in our store:","You have a total of %points_balance points that may be used in our store:","module","Magento_Reward"
"Your reward point was successfully applied","Your reward point was successfully applied","module","Magento_Reward"
"Enable Reward Points Functionality on Storefront","Enable Reward Points Functionality on Storefront","module","Magento_Reward"
"Rewards Points Balance Redemption Threshold","Rewards Points Balance Redemption Threshold","module","Magento_Reward"
"""Static"" defines the expiration date as precisely when the balance increases. ""Dynamic"" does not have an expiration date, but calculates one when the balance is checked for expiry.","""Static"" defines the expiration date as precisely when the balance increases. ""Dynamic"" does not have an expiration date, but calculates one when the balance is checked for expiry.","module","Magento_Reward"
"Deduct Reward Points from Refund Amount Automatically","Deduct Reward Points from Refund Amount Automatically","module","Magento_Reward"
"Actions for Acquiring Reward Points by Customers","Actions for Acquiring Reward Points by Customers","module","Magento_Reward"
"Added for spent money according to reward exchange rates.","Added for spent money according to reward exchange rates.","module","Magento_Reward"
"Only for customers who subscribe for the first time.","Only for customers who subscribe for the first time.","module","Magento_Reward"
"Invitation to Customer Conversions Quantity Limit","Invitation to Customer Conversions Quantity Limit","module","Magento_Reward"
"Invitation to Order Conversions Quantity Limit","Invitation to Order Conversions Quantity Limit","module","Magento_Reward"
"Rewarded Reviews Submission Quantity Limit","Rewarded Reviews Submission Quantity Limit","module","Magento_Reward"
"Entering no value or a value greater than the expiration lifetime disables the warning notification.","Entering no value or a value greater than the expiration lifetime disables the warning notification.","module","Magento_Reward"
"Create an account on our site now and earn %1.","Create an account on our site now and earn %1.","module","Magento_Reward"
"Subscribe to our newsletter now and earn %1.","Subscribe to our newsletter now and earn %1.","module","Magento_Reward"
"Send this invitation now and earn %s when your invitee signs up on our site.","Send this invitation now and earn %s when your invitee signs up on our site.","module","Magento_Reward"
"You can reward up to %s invitee registration(s).","You can reward up to %s invitee registration(s).","module","Magento_Reward"
"You can reward up to %s invitee purchase(s).","You can reward up to %s invitee purchase(s).","module","Magento_Reward"
"Submit a review now and earn %1 after the review is approved.","Submit a review now and earn %1 after the review is approved.","module","Magento_Reward"
"Subtotal","Subtotal","module","Magento_Bundle"
"To apply the discount on prices including tax and apply the tax after discount, set Catalog Prices to “Including Tax”.","To apply the discount on prices including tax and apply the tax after discount, set Catalog Prices to “Including Tax”.","module","Magento_Tax"
"With customer tax applied “Before Discount”, the final discount calculation may not match customers’ expectations.","With customer tax applied “Before Discount”, the final discount calculation may not match customers’ expectations.","module","Magento_Tax"
"Your current tax configuration may result in rounding errors.","Your current tax configuration may result in rounding errors.","module","Magento_Tax"
"Warning: To apply the discount on prices including tax and apply the tax after discount, set Catalog Prices to “Including Tax”.","Warning: To apply the discount on prices including tax and apply the tax after discount, set Catalog Prices to “Including Tax”.","module","Magento_Tax"
"An error occurred while loading tax rates.","An error occurred while loading tax rates.","module","Magento_Tax"
"Open","Open","module","Magento_CatalogEvent"
"Save","Save","module","Magento_ConfigurableProductStaging"
"System","System","module","Magento_ConfigurableProductStaging"
"Virtual","Virtual","module","Magento_GiftCard"
"[STORE VIEW]","[STORE VIEW]","module","Magento_GiftCard"
"%1 [%2]","%1 [%2]","module","Magento_GiftCard"
"The Start Time of this Update cannot be changed. It's been already started.","The Start Time of this Update cannot be changed. It's been already started.","module","Magento_Staging"
"Future Update in this time range already exists.                             Select a different range to add a new Future Update.","Future Update in this time range already exists.                             Select a different range to add a new Future Update.","module","Magento_Staging"
"Cannot save Update.","Cannot save Update.","module","Magento_Staging"
"Requested type does not have corresponding implementation","Requested type does not have corresponding implementation","module","Magento_Staging"
"Action class must implement ActionDataProviderInterface","Action class must implement ActionDataProviderInterface","module","Magento_Staging"
"entity_type","entity_type","module","Magento_Staging"
"Please select Start Time for Future Update.","Please select Start Time for Future Update.","module","Magento_Staging"
"Future Update End Time cannot be equal or earlier than Start Time.","Future Update End Time cannot be equal or earlier than Start Time.","module","Magento_Staging"
"Future Update End Time cannot be earlier than current time.","Future Update End Time cannot be earlier than current time.","module","Magento_Staging"
"Start time could not be changed while update active","Start time could not be changed while update active","module","Magento_Staging"
"Please confirm scope switching. All data that hasn't been saved will be lost.","Please confirm scope switching. All data that hasn't been saved will be lost.","module","Magento_Staging"
"Create New Update","Create New Update","module","Magento_Staging"
"Update Name","Update Name","module","Magento_Staging"
"""Invoice Document Validation Error(s):\n"" .","""Invoice Document Validation Error(s):\n"" .","module","Magento_Sales"
"Could not save an invoice, see error log for details","Could not save an invoice, see error log for details","module","Magento_Sales"
"Please enter the company.","Please enter the company.","module","Magento_Sales"
"Please enter the fax number.","Please enter the fax number.","module","Magento_Sales"
"The creditmemo contains product item that is not part of the original order.","The creditmemo contains product item that is not part of the original order.","module","Magento_Sales"
"The quantity to refund must not be greater than the unrefunded quantity.","The quantity to refund must not be greater than the unrefunded quantity.","module","Magento_Sales"
"Order Id is required for creditmemo document","Order Id is required for creditmemo document","module","Magento_Sales"
"The creditmemo contains product SKU ""%1"" that is not part of the original order.","The creditmemo contains product SKU ""%1"" that is not part of the original order.","module","Magento_Sales"
"The quantity to creditmemo must not be greater than the unrefunded quantity for product SKU ""%1"".","The quantity to creditmemo must not be greater than the unrefunded quantity for product SKU ""%1"".","module","Magento_Sales"
"You can't create a creditmemo without products.","You can't create a creditmemo without products.","module","Magento_Sales"
"We can't create creditmemo for the invoice.","We can't create creditmemo for the invoice.","module","Magento_Sales"
"Order Id is required for invoice document","Order Id is required for invoice document","module","Magento_Sales"
"The quantity to invoice must not be greater than the uninvoiced quantity for product SKU ""%1"".","The quantity to invoice must not be greater than the uninvoiced quantity for product SKU ""%1"".","module","Magento_Sales"
"The invoice contains one or more items that are not part of the original order.","The invoice contains one or more items that are not part of the original order.","module","Magento_Sales"
"We don't recognize the draw line data. Please define the ""lines"" array.","We don't recognize the draw line data. Please define the ""lines"" array.","module","Magento_Sales"
"Order Id is required for shipment document","Order Id is required for shipment document","module","Magento_Sales"
"You can't create a shipment without products.","You can't create a shipment without products.","module","Magento_Sales"
"The shipment contains product SKU ""%1"" that is not part of the original order.","The shipment contains product SKU ""%1"" that is not part of the original order.","module","Magento_Sales"
"The quantity to ship must not be greater than the unshipped quantity for product SKU ""%1"".","The quantity to ship must not be greater than the unshipped quantity for product SKU ""%1"".","module","Magento_Sales"
"An invoice cannot be created when an order has a status of %1","An invoice cannot be created when an order has a status of %1","module","Magento_Sales"
"A creditmemo can not be created when an order has a status of %1","A creditmemo can not be created when an order has a status of %1","module","Magento_Sales"
"The order does not allow a creditmemo to be created.","The order does not allow a creditmemo to be created.","module","Magento_Sales"
"A shipment cannot be created when an order has a status of %1","A shipment cannot be created when an order has a status of %1","module","Magento_Sales"
"The order does not allow a shipment to be created.","The order does not allow a shipment to be created.","module","Magento_Sales"
"""Creditmemo Document Validation Error(s):\n"" .","""Creditmemo Document Validation Error(s):\n"" .","module","Magento_Sales"
"Could not save a Creditmemo, see error log for details","Could not save a Creditmemo, see error log for details","module","Magento_Sales"
"""Shipment Document Validation Error(s):\n"" .","""Shipment Document Validation Error(s):\n"" .","module","Magento_Shipping"
"Could not save a shipment, see error log for details","Could not save a shipment, see error log for details","module","Magento_Sales"
"Authorized amount of %1.","Authorized amount of %1.","module","Magento_Sales"
"Authorized amount of %1. Order is suspended as its authorizing amount %1 is suspected to be fraudulent.","Authorized amount of %1. Order is suspended as its authorizing amount %1 is suspected to be fraudulent.","module","Magento_Sales"
"Captured amount of %1 online.","Captured amount of %1 online.","module","Magento_Sales"
"Subtotal:","Subtotal:","module","Magento_AdvancedCheckout"
"Thank you for your order from %store_name.","Thank you for your order from %store_name.","module","Magento_Sales"
"You can check the status of your order by <a href=""%account_url"">logging into your account</a>.","You can check the status of your order by <a href=""%account_url"">logging into your account</a>.","module","Magento_Sales"
"If you have questions about your order, you can email us at <a href=""mailto:%store_email"">%store_email</a>","If you have questions about your order, you can email us at <a href=""mailto:%store_email"">%store_email</a>","module","Magento_Sales"
"Once your package ships we will send you a tracking number.","Once your package ships we will send you a tracking number.","module","Magento_Sales"
"Your Order <span class=""no-link"">#%increment_id</span>","Your Order <span class=""no-link"">#%increment_id</span>","module","Magento_Sales"
"Placed on <span class=""no-link"">%created_at</span>","Placed on <span class=""no-link"">%created_at</span>","module","Magento_Sales"
"Once your package ships we will send an email with a link to track your order.","Once your package ships we will send an email with a link to track your order.","module","Magento_Sales"
"Admin Checkout","Admin Checkout","module","Magento_CustomerCustomAttributes"
"Length Only","Length Only","module","Magento_CustomerCustomAttributes"
"RSS","RSS","module","Magento_Rss"
"Google API","Google API","module","Magento_GoogleAnalytics"
"Google Analytics","Google Analytics","module","Magento_GoogleTagManager"
"An error occurred during mass deletion of data collector backups. Please review log and try again.","An error occurred during mass deletion of data collector backups. Please review log and try again.","module","Magento_Support"
"After you make your selections, click the ""Create"" button. Then stand by while the System Report is generated. This may take a few minutes. You will receive a notification once this step is completed.","After you make your selections, click the ""Create"" button. Then stand by while the System Report is generated. This may take a few minutes. You will receive a notification once this step is completed.","module","Magento_Support"
"An error occurred while deleting the system report. Please review log and try again.","An error occurred while deleting the system report. Please review log and try again.","module","Magento_Support"
"Unable to read system report data to display.","Unable to read system report data to display.","module","Magento_Support"
"No groups were specified to generate system report.","No groups were specified to generate system report.","module","Magento_Support"
"An error occurred while the system report was being created. Please review the log and try again.","An error occurred while the system report was being created. Please review the log and try again.","module","Magento_Support"
"An error occurred during mass deletion of system reports. Please review log and try again.","An error occurred during mass deletion of system reports. Please review log and try again.","module","Magento_Support"
"Support Module doesn't support %s operation system","Support Module doesn't support %s operation system","module","Magento_Support"
"Unable to create backup due to php exec function is disabled","Unable to create backup due to php exec function is disabled","module","Magento_Support"
"Directory %s should have writable & readable permissions","Directory %s should have writable & readable permissions","module","Magento_Support"
"Windows","Windows","module","Magento_Support"
"OS X","OS X","module","Magento_Support"
"Preparing system report data: Detected Single Row Mode but data may be incomplete.","Preparing system report data: Detected Single Row Mode but data may be incomplete.","module","Magento_Support"
"Core Global Cron Jobs","Core Global Cron Jobs","module","Magento_Support"
"Id","Id","module","Magento_Support"
"Stack Trace","Stack Trace","module","Magento_Support"
"There was an error while loading system report data.","There was an error while loading system report data.","module","Magento_Support"
"Cannot save backup. The reason is: Utility lsof not found","Cannot save backup. The reason is: Utility lsof not found","module","Magento_Support"
"text","text","module","Magento_Support"
"Are you sure you want to delete a ""%1"" record?","Are you sure you want to delete a ""%1"" record?","module","Magento_Support"
"Are you sure you wan't to delete a ""%1"" record?","Are you sure you wan't to delete a ""%1"" record?","module","Magento_Support"
"Support Data Collector","Support Data Collector","module","Magento_Support"
"Cron","Cron","module","Magento_NewRelicReporting"
"Are you sure you want to delete selected item(s)?","Are you sure you want to delete selected item(s)?","module","Magento_Support"
"Web API Security","Web API Security","module","Magento_WebapiSecurity"
"Something is wrong with the file upload settings.","Something is wrong with the file upload settings.","module","Magento_Theme"
"Are you sure you want to delete this folder?","Are you sure you want to delete this folder?","module","Magento_Theme"
"Are you sure you want to delete this file?","Are you sure you want to delete this file?","module","Magento_Theme"
"Global","Global","module","Magento_Customer"
"Something went wrong while saving this configuration:","Something went wrong while saving this configuration:","module","Magento_Theme"
"The %templateName contains an incorrect configuration. The template has a reference to itself. Either remove or change the reference.","The %templateName contains an incorrect configuration. The template has a reference to itself. Either remove or change the reference.","module","Magento_Theme"
"The date range for this design change overlaps another design change for the specified store.","The date range for this design change overlaps another design change for the specified store.","module","Magento_Theme"
"Circular-reference in theme inheritance detected for ""%1""","Circular-reference in theme inheritance detected for ""%1""","module","Magento_Theme"
"Use only standard alphanumeric, dashes and underscores.","Use only standard alphanumeric, dashes and underscores.","module","Magento_Theme"
"We cannot find a directory with this name.","We cannot find a directory with this name.","module","Magento_Theme"
"testMessage","testMessage","module","Magento_Theme"
"Toggle Nav","Toggle Nav","module","Magento_Theme"
"For the best experience on our site, be sure to turn on Javascript in your browser.","For the best experience on our site, be sure to turn on Javascript in your browser.","module","Magento_Theme"
"Local Storage seems to be disabled in your browser.","Local Storage seems to be disabled in your browser.","module","Magento_Theme"
"For the best experience on our site, be sure to turn on Local Storage in your browser.","For the best experience on our site, be sure to turn on Local Storage in your browser.","module","Magento_Theme"
"This is demo store. No orders will be fulfilled.","This is demo store. No orders will be fulfilled.","module","Magento_Theme"
"To sign in to our site, use these credentials during checkout or on the <a href=""%customer_url"">My Account</a> page:","To sign in to our site, use these credentials during checkout or on the <a href=""%customer_url"">My Account</a> page:","module","Magento_Theme"
"Forgot your account password? Click <a href=""%reset_url"">here</a> to reset it.","Forgot your account password? Click <a href=""%reset_url"">here</a> to reset it.","module","Magento_Theme"
"When you sign in to your account, you will be able to:","When you sign in to your account, you will be able to:","module","Magento_Theme"
"Store alternative addresses (for shipping to multiple family members and friends)","Store alternative addresses (for shipping to multiple family members and friends)","module","Magento_Theme"
"Copyright © 2013-2017 Magento, Inc. All rights reserved.","Copyright © 2013-2017 Magento, Inc. All rights reserved.","module","Magento_Theme"
"Admin 1column","Admin 1column","module","Magento_Theme"
"Allowed file types: ico, png, gif, jpg, jpeg, apng. Not all browsers support all these formats!","Allowed file types: ico, png, gif, jpg, jpeg, apng. Not all browsers support all these formats!","module","Magento_Theme"
"Default Page Title","Default Page Title","module","Magento_Theme"
"Page Title Prefix","Page Title Prefix","module","Magento_Theme"
"Page Title Suffix","Page Title Suffix","module","Magento_Theme"
"Default Meta Description","Default Meta Description","module","Magento_Theme"
"Default Meta Keywords","Default Meta Keywords","module","Magento_Theme"
"Allowed file types: png, gif, jpg, jpeg.","Allowed file types: png, gif, jpg, jpeg.","module","Magento_Theme"
"Logo Attribute Width","Logo Attribute Width","module","Magento_Theme"
"Logo Attribute Height","Logo Attribute Height","module","Magento_Theme"
"This will be displayed just before the body closing tag.","This will be displayed just before the body closing tag.","module","Magento_Theme"
"Edit custom instruction of robots.txt File","Edit custom instruction of robots.txt File","module","Magento_Theme"
"This action will delete your custom instructions and reset robots.txt file to system's default settings.","This action will delete your custom instructions and reset robots.txt file to system's default settings.","module","Magento_Theme"
"Reset To Defaults","Reset To Defaults","module","Magento_Theme"
"Nickname","Nickname","module","Magento_Review"
"%1 %2","%1 %2","module","Magento_Review"
"error-message","error-message","module","Magento_Wishlist"
"LocalizedException","LocalizedException","module","Magento_Cms"
"You must login or register to add items to your wishlist.","You must login or register to add items to your wishlist.","module","Magento_Wishlist"
"Please create the specified folder ""%1"" before saving the sitemap.","Please create the specified folder ""%1"" before saving the sitemap.","module","Magento_Sitemap"
"Please make sure that ""%1"" is writable by the web-server.","Please make sure that ""%1"" is writable by the web-server.","module","Magento_Sitemap"
"Please use only letters (a-z or A-Z), numbers (0-9) or underscores (_) in the filename. No spaces or other characters are allowed.","Please use only letters (a-z or A-Z), numbers (0-9) or underscores (_) in the filename. No spaces or other characters are allowed.","module","Magento_Sitemap"
"We found an invalid request for adding product to quote.","We found an invalid request for adding product to quote.","module","Magento_Checkout"
"Print receipt","Print receipt","module","Magento_Checkout"
"Total:","Total:","module","Magento_Checkout"
"Field","Field","module","Magento_Checkout"
"is required.","is required.","module","Magento_Checkout"
"Display Billing Address On","Display Billing Address On","module","Magento_Checkout"
"Number of Items to Display Pager","Number of Items to Display Pager","module","Magento_Checkout"
"Number of Items to Display Scrollbar","Number of Items to Display Scrollbar","module","Magento_Checkout"
"File not found","File not found","module","Magento_SampleData"
"Product that you are trying to add is not available.","Product that you are trying to add is not available.","module","Magento_Quote"
"Some addresses cannot be used due to country-specific configurations.","Some addresses cannot be used due to country-specific configurations.","module","Magento_Multishipping"
"Minimum Order Amount Exceeded.","Minimum Order Amount Exceeded.","module","Magento_Quote"
"error123","error123","module","Magento_Quote"
"error345","error345","module","Magento_Quote"
"Invalid state change requested","Invalid state change requested","module","Magento_Quote"
"Url","Url","module","Magento_ProductVideo"
"{size}","{size}","module","Magento_ConfigurableProduct"
"{width}^{height} px","{width}^{height} px","module","Magento_ConfigurableProduct"
"Uploader:","Uploader:","module","Magento_ProductVideo"
"YouTube API Key","YouTube API Key","module","Magento_ProductVideo"
"Autostart base video","Autostart base video","module","Magento_ProductVideo"
"PAK","PAK","module","Magento_Ups"
"error_message","error_message","module","Magento_Ups"
"United Parcel Service","United Parcel Service","module","Magento_Ups"
"United Parcel Service XML","United Parcel Service XML","module","Magento_Ups"
"UPS","UPS","module","Magento_Ups"
"Enable Free Shipping Threshold","Enable Free Shipping Threshold","module","Magento_Ups"
"Stop on Error","Stop on Error","module","Magento_ImportExport"
"Skip error entries","Skip error entries","module","Magento_ImportExport"
"Fields enclosure","Fields enclosure","module","Magento_ImportExport"
"Please fix errors and re-upload file or simply press ""Import"" button to skip rows with errors","Please fix errors and re-upload file or simply press ""Import"" button to skip rows with errors","module","Magento_ImportExport"
"catalog_rule","catalog_rule","module","Magento_CatalogRuleStaging"
"Magento\CatalogRule\Api\Data\RuleInterface","Magento\CatalogRule\Api\Data\RuleInterface","module","Magento_CatalogRuleStaging"
"Schedule Update","Schedule Update","module","Magento_CmsStaging"
"Rule Name","Rule Name","module","Magento_CatalogRuleStaging"
"Status","Status","module","Magento_CatalogRuleStaging"
"Customer Groups","Customer Groups","module","Magento_CatalogRuleStaging"
"Apply","Apply","module","Magento_CatalogRuleStaging"
"Discount Amount","Discount Amount","module","Magento_CatalogRuleStaging"
"Discard subsequent rules","Discard subsequent rules","module","Magento_CatalogRuleStaging"
"Move to Another Update","Move to Another Update","module","Magento_CmsStaging"
"200","200","module","Magento_CmsStaging"
"100","100","module","Magento_CmsStaging"
"50","50","module","Magento_CmsStaging"
"30","30","module","Magento_CmsStaging"
"20","20","module","Magento_CmsStaging"
"lbs","lbs","module","Magento_Directory"
"kgs","kgs","module","Magento_Directory"
"Yahoo Finance Exchange","Yahoo Finance Exchange","module","Magento_Directory"
"Fixer.io","Fixer.io","module","Magento_Directory"
"Webservicex","Webservicex","module","Magento_Directory"
"HTML","HTML","module","Magento_CheckoutAgreements"
"Checkbox Text","Checkbox Text","module","Magento_CheckoutAgreements"
"Auto","Auto","module","Magento_Paypal"
"If you select and save the rule you will be able to generate multiple coupon codes.","If you select and save the rule you will be able to generate multiple coupon codes.","module","Magento_SalesRule"
"Usage limit enforced for logged in customers only.","Usage limit enforced for logged in customers only.","module","Magento_SalesRule"
"Solr Server Timeout","Solr Server Timeout","module","Magento_Solr"
"Magento Web API","Magento Web API","module","Magento_Webapi"
"NoSuchEntityException","NoSuchEntityException","module","Magento_Customer"
"InputException.","InputException.","module","Magento_Customer"
"InputException","InputException","module","Magento_Customer"
"regionId is a required field.","regionId is a required field.","module","Magento_Customer"
"You are subscribed to ""General Subscription"".","You are subscribed to ""General Subscription"".","module","Magento_Customer"
"Checkout as a new customer","Checkout as a new customer","module","Magento_Customer"
"Checkout using your account","Checkout using your account","module","Magento_Customer"
"Account Information Options","Account Information Options","module","Magento_Customer"
"Change Email Template","Change Email Template","module","Magento_Customer"
"Change Email and Password Template","Change Email and Password Template","module","Magento_Customer"
"Show Telephone","Show Telephone","module","Magento_Customer"
"Show Company","Show Company","module","Magento_Customer"
"Show Fax","Show Fax","module","Magento_Customer"
"If your Magento installation has multiple websites, you can edit the scope to associate the customer with a specific site.","If your Magento installation has multiple websites, you can edit the scope to associate the customer with a specific site.","module","Magento_Customer"
"This email address is already subscribed.","This email address is already subscribed.","module","Magento_Newsletter"
"200 OK","200 OK","module","Magento_WebsiteRestriction"
"sales_rule","sales_rule","module","Magento_SalesRuleStaging"
"Magento\SalesRule\Api\Data\RuleInterface","Magento\SalesRule\Api\Data\RuleInterface","module","Magento_SalesRuleStaging"
"The cart price rule will be removed from the update and all scheduled changes will be lost.","The cart price rule will be removed from the update and all scheduled changes will be lost.","module","Magento_SalesRuleStaging"
"in","in","module","Magento_Shipping"
"cm","cm","module","Magento_Dhl"
"lb","lb","module","Magento_Shipping"
"kg","kg","module","Magento_Shipping"
"Error:","Error:","module","Magento_Shipping"
". ':'",". ':'","module","Magento_Shipping"
"Track your order","Track your order","module","Magento_Shipping"
"Track All Shipments","Track All Shipments","module","Magento_Shipping"
"Add Gift Options","Add Gift Options","module","Magento_GiftMessage"
"Add Gift Options for Individual Items","Add Gift Options for Individual Items","module","Magento_GiftMessage"
"Universal Analytics","Universal Analytics","module","Magento_GoogleTagManager"
"SKU:","SKU:","module","Magento_AdvancedCheckout"
"URL","URL","module","Magento_Downloadable"
"button_label","button_label","module","Magento_Paypal"
"A total of %1 synonym group(s) have been deleted.","A total of %1 synonym group(s) have been deleted.","module","Magento_Search"
"Search synonyms are not supported by the %1 search engine. Any synonyms you enter won't be used.","Search synonyms are not supported by the %1 search engine. Any synonyms you enter won't be used.","module","Magento_Search"
"The terms you entered, (%1), belong to 1 existing synonym group, %2. Select the ""Merge existing synonyms"" checkbox so the terms can be merged.","The terms you entered, (%1), belong to 1 existing synonym group, %2. Select the ""Merge existing synonyms"" checkbox so the terms can be merged.","module","Magento_Search"
"The terms you entered, (%1), belong to %2 existing synonym groups, %3 and %4. Select the ""Merge existing synonyms"" checkbox so the terms can be merged.","The terms you entered, (%1), belong to %2 existing synonym groups, %3 and %4. Select the ""Merge existing synonyms"" checkbox so the terms can be merged.","module","Magento_Search"
"Something went wrong while saving the search query.","Something went wrong while saving the search query.","module","Magento_Search"
"You already have an identical search term query.","You already have an identical search term query.","module","Magento_Search"
"Synonym group with id %1 cannot be deleted. %2","Synonym group with id %1 cannot be deleted. %2","module","Magento_Search"
"Merge conflict with existing synonym group(s): %1","Merge conflict with existing synonym group(s): %1","module","Magento_Search"
"Are you sure you want to delete synonym group with id: %1?","Are you sure you want to delete synonym group with id: %1?","module","Magento_Search"
"no","no","module","Magento_Search"
"You can adjust the scope of this synonym group by selecting an option from the list.","You can adjust the scope of this synonym group by selecting an option from the list.","module","Magento_Search"
"Are you sure you want to delete the selected synonym groups?","Are you sure you want to delete the selected synonym groups?","module","Magento_Search"
"Unique constraint violation found","Unique constraint violation found","module","Magento_Eav"
"Attribute group with same code already exist. Please rename ""%1"" group","Attribute group with same code already exist. Please rename ""%1"" group","module","Magento_Eav"
"Attribute with ID: ""%1"" does not exist","Attribute with ID: ""%1"" does not exist","module","Magento_Eav"
"We can't save this option because Magento is not installed. To lock this value, enter the command again using the --%1 option.","We can't save this option because Magento is not installed. To lock this value, enter the command again using the --%1 option.","module","Magento_Config"
"The value you set has already been locked. To change the value, use the --%1 option.","The value you set has already been locked. To change the value, use the --%1 option.","module","Magento_Config"
"Configuration for path: ""%1"" doesn't exist","Configuration for path: ""%1"" doesn't exist","module","Magento_Config"
"The ""%1"" path does not exist","The ""%1"" path does not exist","module","Magento_Config"
"Bcc","Bcc","module","Magento_Config"
"HTTPS (SSL)","HTTPS (SSL)","module","Magento_Config"
"%1: Instance of %2 is expected, got %3 instead","%1: Instance of %2 is expected, got %3 instead","module","Magento_Config"
".",".","module","Magento_Ui"
"'There is no defined type ' .","'There is no defined type ' .","module","Magento_Config"
"'Object is not instance of ' .","'Object is not instance of ' .","module","Magento_Config"
"Filesystem is not writable.","Filesystem is not writable.","module","Magento_Config"
"Some error","Some error","module","Magento_Deploy"
"Some message","Some message","module","Magento_Config"
"This command is unavailable right now.","This command is unavailable right now.","module","Magento_Config"
"The ""test/test/test"" path does not exists","The ""test/test/test"" path does not exists","module","Magento_Config"
"error message","error message","module","Magento_Config"
"some_label","some_label","module","Magento_Config"
"some_comment","some_comment","module","Magento_Config"
"test2","test2","module","Magento_Config"
"Magento Admin","Magento Admin","module","Magento_Config"
"the Child of the Matched Product Categories","the Child of the Matched Product Categories","module","Magento_TargetRule"
"Product Price is %1 %2% of Matched Product(s) Price","Product Price is %1 %2% of Matched Product(s) Price","module","Magento_TargetRule"
"Could not rebuild index for empty products array","Could not rebuild index for empty products array","module","Magento_TargetRule"
"This attribute code is invalid. Please use only letters (a-z), numbers (0-9) or underscores (_), and be sure the code begins with a letter.","This attribute code is invalid. Please use only letters (a-z), numbers (0-9) or underscores (_), and be sure the code begins with a letter.","module","Magento_TargetRule"
"Maximum Number of Products in Related Products List","Maximum Number of Products in Related Products List","module","Magento_TargetRule"
"Rotation Mode for Products in Related Product List","Rotation Mode for Products in Related Product List","module","Magento_TargetRule"
"Maximum Number of Products in Cross-Sell Product List","Maximum Number of Products in Cross-Sell Product List","module","Magento_TargetRule"
"Rotation Mode for Products in Cross-Sell Product List","Rotation Mode for Products in Cross-Sell Product List","module","Magento_TargetRule"
"Maximum Number of Products in Upsell Product List","Maximum Number of Products in Upsell Product List","module","Magento_TargetRule"
"Rotation Mode for Products in Upsell Product List","Rotation Mode for Products in Upsell Product List","module","Magento_TargetRule"
"Time value has an unsupported format","Time value has an unsupported format","module","Magento_Analytics"
"Cron settings can't be saved","Cron settings can't be saved","module","Magento_Analytics"
"Input data must be string or convertible into string.","Input data must be string or convertible into string.","module","Magento_Analytics"
"Input data must be non-empty string.","Input data must be non-empty string.","module","Magento_Analytics"
"Not valid cipher method.","Not valid cipher method.","module","Magento_Analytics"
"Encryption key can't be empty.","Encryption key can't be empty.","module","Magento_Analytics"
"Source ""%1"" is not exist","Source ""%1"" is not exist","module","Magento_Analytics"
"These arguments can't be empty ""%1""","These arguments can't be empty ""%1""","module","Magento_Analytics"
"File is not ready yet.","File is not ready yet.","module","Magento_Analytics"
"Your Base URL has been changed and your reports are being updated. Advanced Reporting will be available once this change has been processed. Please try again later.","Your Base URL has been changed and your reports are being updated. Advanced Reporting will be available once this change has been processed. Please try again later.","module","Magento_Analytics"
"Failed to synchronize data to the Magento Business Intelligence service.","Failed to synchronize data to the Magento Business Intelligence service.","module","Magento_Analytics"
"<a href=""%1"">Retry Synchronization</a>","<a href=""%1"">Retry Synchronization</a>","module","Magento_Analytics"
"Advanced Reporting","Advanced Reporting","module","Magento_Analytics"
"Gain new insights and take command of your business' performance, using our dynamic product, order, and customer reports tailored to your customer data.","Gain new insights and take command of your business' performance, using our dynamic product, order, and customer reports tailored to your customer data.","module","Magento_Analytics"
"View details","View details","module","Magento_Analytics"
"Go to Advanced Reporting","Go to Advanced Reporting","module","Magento_Analytics"
"API","API","module","Magento_Integration"
"Business Intelligence","Business Intelligence","module","Magento_Analytics"
"BI Essentials","BI Essentials","module","Magento_Analytics"
"This service provides a dynamic suite of reports with rich insights about your business.                Your reports can be accessed securely on a personalized dashboard outside of the admin panel by clicking on the                ""Go to Advanced Reporting"" link. </br> For more information, see our                <a href=""https://magento.com/legal/terms/privacy"">terms and conditions</a>.","This service provides a dynamic suite of reports with rich insights about your business.                Your reports can be accessed securely on a personalized dashboard outside of the admin panel by clicking on the                ""Go to Advanced Reporting"" link. </br> For more information, see our                <a href=""https://magento.com/legal/terms/privacy"">terms and conditions</a>.","module","Magento_Analytics"
"Advanced Reporting Service","Advanced Reporting Service","module","Magento_Analytics"
"Industry","Industry","module","Magento_Analytics"
"Time of day to send data","Time of day to send data","module","Magento_Analytics"
"<strong>Get more insights from Magento Business Intelligence</strong>","<strong>Get more insights from Magento Business Intelligence</strong>","module","Magento_Analytics"
"Magento Business Intelligence provides you with a simple and clear path to                    becoming more data driven.</br> Learn more about <a target=""_blank""                    href=""https://dashboard.rjmetrics.com/v2/magento/signup/"">BI Essentials</a> tier.","Magento Business Intelligence provides you with a simple and clear path to                    becoming more data driven.</br> Learn more about <a target=""_blank""                    href=""https://dashboard.rjmetrics.com/v2/magento/signup/"">BI Essentials</a> tier.","module","Magento_Analytics"
"Auto Parts","Auto Parts","module","Magento_Analytics"
"Baby/Children’s Apparel, Gear and Toys","Baby/Children’s Apparel, Gear and Toys","module","Magento_Analytics"
"Beauty and Cosmetics","Beauty and Cosmetics","module","Magento_Analytics"
"Books, Music and Magazines","Books, Music and Magazines","module","Magento_Analytics"
"Crafts and Stationery","Crafts and Stationery","module","Magento_Analytics"
"Consumer Electronics","Consumer Electronics","module","Magento_Analytics"
"Deal Site","Deal Site","module","Magento_Analytics"
"Fashion Apparel and Accessories","Fashion Apparel and Accessories","module","Magento_Analytics"
"Food, Beverage and Grocery","Food, Beverage and Grocery","module","Magento_Analytics"
"Home Goods and Furniture","Home Goods and Furniture","module","Magento_Analytics"
"Home Improvement","Home Improvement","module","Magento_Analytics"
"Jewelry and Watches","Jewelry and Watches","module","Magento_Analytics"
"Mass Merchant","Mass Merchant","module","Magento_Analytics"
"Office Supplies","Office Supplies","module","Magento_Analytics"
"Outdoor and Camping Gear","Outdoor and Camping Gear","module","Magento_Analytics"
"Pet Goods","Pet Goods","module","Magento_Analytics"
"Pharma and Medical Devices","Pharma and Medical Devices","module","Magento_Analytics"
"Technology B2B","Technology B2B","module","Magento_Analytics"
"powered by Magento Business Intelligence","powered by Magento Business Intelligence","module","Magento_Analytics"
"Are you sure you want to opt out?","Are you sure you want to opt out?","module","Magento_Analytics"
"Opt out","Opt out","module","Magento_Analytics"
"<p>Advanced Reporting in included,                    free of charge, in your Magento software. When you opt out, we collect no product, order, and                    customer data to generate our dynamic reports.</p><p>To opt in later: You can always turn on Advanced                    Reporting in you Admin Panel.</p>","<p>Advanced Reporting in included,                    free of charge, in your Magento software. When you opt out, we collect no product, order, and                    customer data to generate our dynamic reports.</p><p>To opt in later: You can always turn on Advanced                    Reporting in you Admin Panel.</p>","module","Magento_Analytics"
"In order to personalize your Advanced Reporting experience, please select your industry.","In order to personalize your Advanced Reporting experience, please select your industry.","module","Magento_Analytics"
"product","product","module","Magento_CatalogStaging"
"catalog_category","catalog_category","module","Magento_CatalogStaging"
"Magento\Catalog\Api\Data\ProductInterface","Magento\Catalog\Api\Data\ProductInterface","module","Magento_CatalogStaging"
"Magento\Catalog\Api\Data\CategoryInterface","Magento\Catalog\Api\Data\CategoryInterface","module","Magento_CatalogStaging"
"Meta Keywords","Meta Keywords","module","Magento_CmsStaging"
"Insights API URL","Insights API URL","module","Magento_NewRelicReporting"
"Insights API Key","Insights API Key","module","Magento_NewRelicReporting"
"We couldn't write file ""%1"" to ""%2"" with the ""%3"" driver.","We couldn't write file ""%1"" to ""%2"" with the ""%3"" driver.","module","Magento_ScheduledImportExport"
"ASCII","ASCII","module","Magento_ScheduledImportExport"
"cc_type","cc_type","module","Magento_Braintree"
"cc_number","cc_number","module","Magento_Braintree"
"avsPostalCodeResponseCode","avsPostalCodeResponseCode","module","Magento_Braintree"
"avsStreetAddressResponseCode","avsStreetAddressResponseCode","module","Magento_Braintree"
"cvvResponseCode","cvvResponseCode","module","Magento_Braintree"
"processorAuthorizationCode","processorAuthorizationCode","module","Magento_Braintree"
"processorResponseCode","processorResponseCode","module","Magento_Braintree"
"processorResponseText","processorResponseText","module","Magento_Braintree"
"braintree","braintree","module","Magento_Braintree"
"liabilityShifted","liabilityShifted","module","Magento_Braintree"
"liabilityShiftPossible","liabilityShiftPossible","module","Magento_Braintree"
"riskDataId","riskDataId","module","Magento_Braintree"
"riskDataDecision","riskDataDecision","module","Magento_Braintree"
"paymentId","paymentId","module","Magento_Braintree"
"payerEmail","payerEmail","module","Magento_Braintree"
"sale","sale","module","Magento_Braintree"
"credit","credit","module","Magento_Braintree"
"authorization_expired","authorization_expired","module","Magento_Braintree"
"authorizing","authorizing","module","Magento_Braintree"
"authorized","authorized","module","Magento_Braintree"
"gateway_rejected","gateway_rejected","module","Magento_Braintree"
"failed","failed","module","Magento_Braintree"
"processor_declined","processor_declined","module","Magento_Braintree"
"settled","settled","module","Magento_Braintree"
"settling","settling","module","Magento_Braintree"
"submitted_for_settlement","submitted_for_settlement","module","Magento_Braintree"
"voided","voided","module","Magento_Braintree"
"unrecognized","unrecognized","module","Magento_Braintree"
"settlement_declined","settlement_declined","module","Magento_Braintree"
"settlement_pending","settlement_pending","module","Magento_Braintree"
"settlement_confirmed","settlement_confirmed","module","Magento_Braintree"
"paypal_account","paypal_account","module","Magento_Braintree"
"coinbase_account","coinbase_account","module","Magento_Braintree"
"europe_bank_accout","europe_bank_accout","module","Magento_Braintree"
"credit_card","credit_card","module","Magento_Braintree"
"apple_pay_card","apple_pay_card","module","Magento_Braintree"
"android_pay_card","android_pay_card","module","Magento_Braintree"
"Are you sure you want to delete this PayPal account","Are you sure you want to delete this PayPal account","module","Magento_Braintree"
"MM","MM","module","Magento_BraintreeTwo"
"YY","YY","module","Magento_BraintreeTwo"
"Braintree","Braintree","module","Magento_Braintree"
"Widget ""%1""","Widget ""%1""","module","Magento_Widget"
"For Category","For Category","module","Magento_UrlRewrite"
"For Product","For Product","module","Magento_UrlRewrite"
"Create URL Rewrite","Create URL Rewrite","module","Magento_UrlRewrite"
"Something went wrong while saving URL Rewrite.","Something went wrong while saving URL Rewrite.","module","Magento_UrlRewrite"
"Do not use two or more consecutive slashes in the request path.","Do not use two or more consecutive slashes in the request path.","module","Magento_UrlRewrite"
"Do not use two or more consecutive slashes in the url rewrite suffix.","Do not use two or more consecutive slashes in the url rewrite suffix.","module","Magento_UrlRewrite"
"URL key for specified store already exists.","URL key for specified store already exists.","module","Magento_UrlRewrite"
"Wrong attribute set code ""%1"", please correct it and try again.","Wrong attribute set code ""%1"", please correct it and try again.","module","Magento_CatalogImportExport"
"Number of Orders","Number of Orders","module","Magento_CustomerSegment"
"Import failed: %1","Import failed: %1","module","Magento_Deploy"
"Wrong logger interface specified.","Wrong logger interface specified.","module","Magento_Deploy"
"Hash has not been saved.","Hash has not been saved.","module","Magento_Deploy"
"Parameter ""class"" must be present.","Parameter ""class"" must be present.","module","Magento_Deploy"
"The configuration file has changed. Run app:config:import or setup:upgrade command to synchronize configuration.","The configuration file has changed. Run app:config:import or setup:upgrade command to synchronize configuration.","module","Magento_Deploy"
"Wrong type specified: '%1'","Wrong type specified: '%1'","module","Magento_Deploy"
"Wrong queue type specified.","Wrong queue type specified.","module","Magento_Deploy"
"subtotal","subtotal","module","Magento_Reminder"
"BeagleScore","BeagleScore","module","Magento_Eway"
"eWAY","eWAY","module","Magento_Eway"
"Live API Key","Live API Key","module","Magento_Eway"
"Live API Password","Live API Password","module","Magento_Eway"
"Live Client-side Encryption Key","Live Client-side Encryption Key","module","Magento_Eway"
"Sandbox API Password","Sandbox API Password","module","Magento_Eway"
"Sandbox Client-side Encryption Key","Sandbox Client-side Encryption Key","module","Magento_Eway"
"Order Review","Order Review","module","Magento_Multishipping"
"An error occurred while processing your form. Please try again later.","An error occurred while processing your form. Please try again later.","module","Magento_Contact"
"Name is missing","Name is missing","module","Magento_Contact"
"Comment is missing","Comment is missing","module","Magento_Contact"
"Invalid email address","Invalid email address","module","Magento_Contact"
"RuntimeException","RuntimeException","module","Magento_Cms"
"Delete %1","Delete %1","module","Magento_Cms"
"Are you sure you want to delete a %1 record?","Are you sure you want to delete a %1 record?","module","Magento_Cms"
"Content Management","Content Management","module","Magento_Cms"
"Block","Block","module","Magento_Cms"
"Are you sure you want to delete selected items?","Are you sure you want to delete selected items?","module","Magento_Cms"
"Provided file content must be valid base64 encoded data.","Provided file content must be valid base64 encoded data.","module","Magento_Downloadable"
"Provided product must be type 'downloadable'.","Provided product must be type 'downloadable'.","module","Magento_Downloadable"
"There is no downloadable sample with provided ID.","There is no downloadable sample with provided ID.","module","Magento_Downloadable"
"Links","Links","module","Magento_Downloadable"
"Sample","Sample","module","Magento_Downloadable"
"Samples","Samples","module","Magento_Downloadable"
"Is this a downloadable Product?","Is this a downloadable Product?","module","Magento_Downloadable"
"U","U","module","Magento_Downloadable"
"Go to <a href=""%1"">My Downloadable Products</a>","Go to <a href=""%1"">My Downloadable Products</a>","module","Magento_Downloadable"
"We don't have as many ""%1"" as you requested.","We don't have as many ""%1"" as you requested.","module","Magento_CatalogInventory"
"FTP","FTP","module","Magento_Backup"
"RMA","RMA","module","Magento_Rma"
"No such entity with %1 = %2, %3 = %4","No such entity with %1 = %2, %3 = %4","module","Magento_Rma"
"#","#","module","Magento_Rma"
"Ok","Ok","module","Magento_Rma"
"Banners","Banners","module","Magento_Banner"
"Banner","Banner","module","Magento_Banner"
"Content Area","Content Area","module","Magento_Banner"
"Footer","Footer","module","Magento_Banner"
"Header","Header","module","Magento_Banner"
"Left Column","Left Column","module","Magento_Banner"
"Right Column","Right Column","module","Magento_Banner"
"Variable ID","Variable ID","module","Magento_Variable"
"Sprintline","Sprintline","module","Magento_Dhl"
"Secureline","Secureline","module","Magento_Dhl"
"Europack","Europack","module","Magento_Dhl"
"Jetline","Jetline","module","Magento_Dhl"
"DHL service is not available at %s date","DHL service is not available at %s date","module","Magento_Dhl"
"DHL","DHL","module","Magento_Dhl"
"Swatch","Swatch","module","Magento_Swatches"
"Select from the following attribute values for this product. Each unique combination of values creates a unique product SKU.","Select from the following attribute values for this product. Each unique combination of values creates a unique product SKU.","module","Magento_Swatches"
"Options","Options","module","Magento_Ui"
"Show Swatches in Product List","Show Swatches in Product List","module","Magento_Swatches"
"Admin","Admin","module","Magento_Swatches"
"The value of Admin must be unique. (%1)","The value of Admin must be unique. (%1)","module","Magento_Swatches"
"<a href=""https:/financing.paypal.com/ppfinportal/content/whyUseFinancing"" target=""_blank"">Why Advertise Financing?</a><br/>                                <strong>Give your sales a boost when you advertise financing.</strong><br/>PayPal helps turn browsers into buyers with financing                                from PayPal Credit&#174;. Your customers have more time to pay, while you get paid up front – at no additional cost to you.                                Use PayPal’ s free banner ads that let you advertise PayPal Credit&#174; financing as a payment option when your customers check out with PayPal.                                The PayPal Advertising Program has been shown to generate additional purchases as well as increase consumer's average purchase sizes by 15%                                or more. <a href=""https:/financing.paypal.com/ppfinportal/content/forrester"" target=""_blank"">See Details</a>.","<a href=""https:/financing.paypal.com/ppfinportal/content/whyUseFinancing"" target=""_blank"">Why Advertise Financing?</a><br/>                                <strong>Give your sales a boost when you advertise financing.</strong><br/>PayPal helps turn browsers into buyers with financing                                from PayPal Credit&#174;. Your customers have more time to pay, while you get paid up front – at no additional cost to you.                                Use PayPal’ s free banner ads that let you advertise PayPal Credit&#174; financing as a payment option when your customers check out with PayPal.                                The PayPal Advertising Program has been shown to generate additional purchases as well as increase consumer's average purchase sizes by 15%                                or more. <a href=""https:/financing.paypal.com/ppfinportal/content/forrester"" target=""_blank"">See Details</a>.","module","Magento_Paypal"
"payflowpro","payflowpro","module","Magento_Paypal"
"sandbox_button_label","sandbox_button_label","module","Magento_Paypal"
"Please agree to all the terms and conditions before placing the order.","Please agree to all the terms and conditions before placing the order.","module","Magento_Paypal"
"Matched whole nine-digit ZIP (no Address)","Matched whole nine-digit ZIP (no Address)","module","Magento_Paypal"
"Yes. Matched Address and five-digit ZIP","Yes. Matched Address and five-digit ZIP","module","Magento_Paypal"
"CNPJ","CNPJ","module","Magento_Paypal"
"CPF","CPF","module","Magento_Paypal"
"IPN ""%1""","IPN ""%1""","module","Magento_Paypal"
"Payflow PNREF: #%1.","Payflow PNREF: #%1.","module","Magento_Paypal"
"Recommended Solutions:","Recommended Solutions:","module","Magento_Paypal"
"Other PayPal Payment Solutions:","Other PayPal Payment Solutions:","module","Magento_Paypal"
"Other Payment Methods:","Other Payment Methods:","module","Magento_Paypal"
"PayPal All-in-One Payment Solutions&nbsp;<i>Accept and process credit cards and PayPal payments.</i>","PayPal All-in-One Payment Solutions&nbsp;<i>Accept and process credit cards and PayPal payments.</i>","module","Magento_Paypal"
"Payments Pro","Payments Pro","module","Magento_Paypal"
"PayPal Payment Gateways&nbsp;<i>Process payments using your own internet merchant account.</i>","PayPal Payment Gateways&nbsp;<i>Process payments using your own internet merchant account.</i>","module","Magento_Paypal"
"PayPal All-in-One Payment Solutions&nbsp;&nbsp;<i>Accept and process credit cards and PayPal payments.</i>","PayPal All-in-One Payment Solutions&nbsp;&nbsp;<i>Accept and process credit cards and PayPal payments.</i>","module","Magento_Paypal"
"Website Payments Pro","Website Payments Pro","module","Magento_Paypal"
"Payments Advanced","Payments Advanced","module","Magento_Paypal"
"Accept payments with a PCI-compliant checkout that keeps customers on your site. (<u>Includes Express Checkout</u>)","Accept payments with a PCI-compliant checkout that keeps customers on your site. (<u>Includes Express Checkout</u>)","module","Magento_Paypal"
"Payflow Link","Payflow Link","module","Magento_Paypal"
"Connect your merchant account with a PCI-compliant gateway that lets customers pay without leaving your site. (<u>Includes Express Checkout</u>)","Connect your merchant account with a PCI-compliant gateway that lets customers pay without leaving your site. (<u>Includes Express Checkout</u>)","module","Magento_Paypal"
"Accept payments with a PCI compliant checkout that keeps customers on your site. (<u>Includes Express Checkout</u>)","Accept payments with a PCI compliant checkout that keeps customers on your site. (<u>Includes Express Checkout</u>)","module","Magento_Paypal"
"Payflow Pro","Payflow Pro","module","Magento_Paypal"
"Connect your merchant account with a fully customizable gateway that lets customers pay without leaving your site. (<u>Includes Express Checkout</u>)","Connect your merchant account with a fully customizable gateway that lets customers pay without leaving your site. (<u>Includes Express Checkout</u>)","module","Magento_Paypal"
"Vault Enabled","Vault Enabled","module","Magento_Paypal"
"Card Issuer Is Outside The United States","Card Issuer Is Outside The United States","module","Magento_Paypal"
"Smart Post","Smart Post","module","Magento_Fedex"
"Invalid response from carrier","Invalid response from carrier","module","Magento_Fedex"
"No available tracking items","No available tracking items","module","Magento_Fedex"
"FedEx","FedEx","module","Magento_Fedex"
"Web-Services URL (Sandbox)","Web-Services URL (Sandbox)","module","Magento_Fedex"
"cms_page","cms_page","module","Magento_CmsStaging"
"cms_block","cms_block","module","Magento_CmsStaging"
"Magento\Cms\Api\Data\BlockInterface","Magento\Cms\Api\Data\BlockInterface","module","Magento_CmsStaging"
"Magento\Cms\Api\Data\PageInterface","Magento\Cms\Api\Data\PageInterface","module","Magento_CmsStaging"
"Currently Active","Currently Active","module","Magento_CmsStaging"
"The block will be removed from the update and all scheduled changes will be lost.","The block will be removed from the update and all scheduled changes will be lost.","module","Magento_CmsStaging"
"Remove CMS page from Update","Remove CMS page from Update","module","Magento_CmsStaging"
"The page will be removed from the update and all scheduled changes will be lost.","The page will be removed from the update and all scheduled changes will be lost.","module","Magento_CmsStaging"
"CAPTCHA","CAPTCHA","module","Magento_Captcha"
"Electronic payments save the trees.","Electronic payments save the trees.","module","Magento_Authorizenet"
"OPEN","OPEN","module","Magento_Signifyd"
"PROCESSING","PROCESSING","module","Magento_Signifyd"
"FLAGGED","FLAGGED","module","Magento_Signifyd"
"DISMISSED","DISMISSED","module","Magento_Signifyd"
"HELD","HELD","module","Magento_Signifyd"
"GOOD","GOOD","module","Magento_Signifyd"
"FRAUDULENT","FRAUDULENT","module","Magento_Signifyd"
"UNSET","UNSET","module","Magento_Signifyd"
"NULL","NULL","module","Magento_Signifyd"
"APPROVED","APPROVED","module","Magento_Signifyd"
"DECLINED","DECLINED","module","Magento_Signifyd"
"PENDING","PENDING","module","Magento_Signifyd"
"CANCELED","CANCELED","module","Magento_Signifyd"
"IN_REVIEW","IN_REVIEW","module","Magento_Signifyd"
"Approved","Approved","module","Magento_Signifyd"
"Declined","Declined","module","Magento_Signifyd"
"Pending","Pending","module","Magento_Signifyd"
"Canceled","Canceled","module","Magento_Signifyd"
"In Review","In Review","module","Magento_Signifyd"
"Unrequested","Unrequested","module","Magento_Signifyd"
"Awaiting the Signifyd guarantee disposition.","Awaiting the Signifyd guarantee disposition.","module","Magento_Signifyd"
"Only single entrance of ""%1"" node is required.","Only single entrance of ""%1"" node is required.","module","Magento_Signifyd"
"Not empty value for ""%1"" node is required.","Not empty value for ""%1"" node is required.","module","Magento_Signifyd"
"%1 must implement %2","%1 must implement %2","module","Magento_Signifyd"
"Case with the same order id already exists.","Case with the same order id already exists.","module","Magento_Signifyd"
"Signifyd Guarantee Decision","Signifyd Guarantee Decision","module","Magento_Signifyd"
"Fraud Protection Section","Fraud Protection Section","module","Magento_Signifyd"
"Protect your store from fraud with Guaranteed Fraud Protection by Signifyd.","Protect your store from fraud with Guaranteed Fraud Protection by Signifyd.","module","Magento_Signifyd"
"Configuration","Configuration","module","Magento_Signifyd"
"API URL","API URL","module","Magento_Signifyd"
"Webhook URL","Webhook URL","module","Magento_Signifyd"
"test message","test message","module","Magento_GiftCardAccount"
"total).","total).","module","Magento_GiftCardAccount"
"%store_name","%store_name","module","Magento_GiftCardAccount"
"Low Code Pool Threshold","Low Code Pool Threshold","module","Magento_GiftCardAccount"
"Unsupported varnish version","Unsupported varnish version","module","Magento_PageCache"
"Backend host","Backend host","module","Magento_PageCache"
"Website was not found","Website was not found","module","Magento_Store"
"Group was not found","Group was not found","module","Magento_Store"
"Store was not found","Store was not found","module","Magento_Store"
"Class for type ""%1"" was not declared","Class for type ""%1"" was not declared","module","Magento_Store"
"%1 should implement %2","%1 should implement %2","module","Magento_Store"
"The following stores are not associated with a root category: ' . . '. For the store to be displayed in the storefront, it must be associated with a root category.","The following stores are not associated with a root category: ' . . '. For the store to be displayed in the storefront, it must be associated with a root category.","module","Magento_Store"
"Group with the same code","Group with the same code","module","Magento_Store"
"Layouts","Layouts","module","Magento_Store"
"Compiled Config","Compiled Config","module","Magento_Store"
"Compilation configuration","Compilation configuration","module","Magento_Store"
"BraintreeTwo","BraintreeTwo","module","Magento_BraintreeTwo"
"&nbsp;","&nbsp;","module","Magento_BraintreeTwo"
"Child product does not have attribute value %1","Child product does not have attribute value %1","module","Magento_ConfigurableProduct"
"Select values from each attribute to include in this product. Each unique combination of values creates a unique product SKU.","Select values from each attribute to include in this product. Each unique combination of values creates a unique product SKU.","module","Magento_ConfigurableProduct"
"Special Price","Special Price","module","Magento_ConfigurableProduct"
"Regular Price","Regular Price","module","Magento_ConfigurableProduct"
"Choose this option to delete and replace extension data for all past configurations.","Choose this option to delete and replace extension data for all past configurations.","module","Magento_ConfigurableProduct"
"When you remove or add an attribute, we automatically update all configurations and you will need to recreate current configurations manually.","When you remove or add an attribute, we automatically update all configurations and you will need to recreate current configurations manually.","module","Magento_ConfigurableProduct"
"Buy %1 for %2 each and","Buy %1 for %2 each and","module","Magento_ConfigurableProduct"
"save","save","module","Magento_ConfigurableProduct"
"There is no such data mapper ""%1"" for interface %2","There is no such data mapper ""%1"" for interface %2","module","Magento_Elasticsearch"
"Data mapper ""%1"" must implement interface %2","Data mapper ""%1"" must implement interface %2","module","Magento_Elasticsearch"
"Elasticsearch Server Timeout","Elasticsearch Server Timeout","module","Magento_Elasticsearch"
"Consumer Key","Consumer Key","module","Magento_Integration"
"Consumer Secret","Consumer Secret","module","Magento_Integration"
"Access Token","Access Token","module","Magento_Integration"
"Access Token Secret","Access Token Secret","module","Magento_Integration"
"title","title","module","Magento_Integration"
"OAuth","OAuth","module","Magento_Integration"
"Access Token Expiration","Access Token Expiration","module","Magento_Integration"
"Customer Token Lifetime (hours)","Customer Token Lifetime (hours)","module","Magento_Integration"
"Admin Token Lifetime (hours)","Admin Token Lifetime (hours)","module","Magento_Integration"
"Authentication Locks","Authentication Locks","module","Magento_Integration"
"Maximum Login Failures to Lock Out Account","Maximum Login Failures to Lock Out Account","module","Magento_Integration"
"Lockout Time (seconds)","Lockout Time (seconds)","module","Magento_Integration"
"Use Deferred Stock Update","Use Deferred Stock Update","module","Magento_ScalableInventory"
"FPT","FPT","module","Magento_Weee"
"label_value","label_value","module","Magento_Weee"
"Edit System Template","Edit System Template","module","Magento_Email"
"VAT Number","VAT Number","module","Magento_Email"
"We're sorry, an error has occurred while generating this content.","We're sorry, an error has occurred while generating this content.","module","Magento_Email"
"Invalid XML in file %1:\n%2","Invalid XML in file %1:\n%2","module","Magento_Ui"
"There are {placeholder} messages requires your attention.","There are {placeholder} messages requires your attention.","module","Magento_Ui"
"from","from","module","Magento_Ui"
"Please enter a valid integer in this field.","Please enter a valid integer in this field.","module","Magento_Ui"
"Please enter valid email addresses, separated by commas. For example, johndoe@domain.com, johnsmith@domain.com.","Please enter valid email addresses, separated by commas. For example, johndoe@domain.com, johnsmith@domain.com.","module","Magento_Ui"
"Label Button 2","Label Button 2","module","Magento_Ui"
"Label Actions One","Label Actions One","module","Magento_Ui"
"Label Actions Two","Label Actions Two","module","Magento_Ui"
"Some Dynamic Actions","Some Dynamic Actions","module","Magento_Ui"
"settings/label","settings/label","module","Magento_Ui"
"settings/confirm/title","settings/confirm/title","module","Magento_Ui"
"settings/confirm/message","settings/confirm/message","module","Magento_Ui"
"settings/callback/provider","settings/callback/provider","module","Magento_Ui"
"settings/callback/target","settings/callback/target","module","Magento_Ui"
"settings/newViewLabel","settings/newViewLabel","module","Magento_Ui"
"settings/title","settings/title","module","Magento_Ui"
"settings/description","settings/description","module","Magento_Ui"
"settings/addButtonLabel","settings/addButtonLabel","module","Magento_Ui"
"formElements/*[name(.)=../../@formElement]/settings/description","formElements/*[name(.)=../../@formElement]/settings/description","module","Magento_Ui"
"formElements/*[name(.)=../../@formElement]/settings/caption","formElements/*[name(.)=../../@formElement]/settings/caption","module","Magento_Ui"
"formElements/*[name(.)=../../@formElement]/settings/title","formElements/*[name(.)=../../@formElement]/settings/title","module","Magento_Ui"
"settings/placeholder","settings/placeholder","module","Magento_Ui"
"settings/caption","settings/caption","module","Magento_Ui"
"settings/subTitle","settings/subTitle","module","Magento_Ui"
"settings/visible","settings/visible","module","Magento_Ui"
"settings/showLabel","settings/showLabel","module","Magento_Ui"
"settings/breakLine","settings/breakLine","module","Magento_Ui"
"settings/required","settings/required","module","Magento_Ui"
"settings/size","settings/size","module","Magento_Ui"
"settings/notice","settings/notice","module","Magento_Ui"
"settings/tooltip/description","settings/tooltip/description","module","Magento_Ui"
"settings/addBefore","settings/addBefore","module","Magento_Ui"
"settings/addAfter","settings/addAfter","module","Magento_Ui"
"Please select a file.","Please select a file.","module","Magento_Ui"
"Please select one of the options.","Please select one of the options.","module","Magento_Ui"
"Please enter a value less than or equal to %s.","Please enter a value less than or equal to %s.","module","Magento_Ui"
"Please enter a value greater than or equal to %s.","Please enter a value greater than or equal to %s.","module","Magento_Ui"
"Please enter a valid date (ISO).","Please enter a valid date (ISO).","module","Magento_Ui"
"Please enter only digits.","Please enter only digits.","module","Magento_Ui"
"InvalidArgumentException","InvalidArgumentException","module","Magento_MultipleWishlist"
"Create Wish List","Create Wish List","module","Magento_MultipleWishlist"
"Invalid Form Key. Please refresh the page.","Invalid Form Key. Please refresh the page.","module","Magento_Invitation"
"Please correct the value for ""%1"" parameter, otherwise we'll use the saved value instead.","Please correct the value for ""%1"" parameter, otherwise we'll use the saved value instead.","module","Magento_Invitation"
"Invitation","Invitation","module","Magento_Invitation"
"%1 x %2","%1 x %2","module","Magento_Bundle"